{
  "payload": {
    "year": 2023,
    "circuit_id": "Sakhir",
    "driver_id": 14
  },
  "cold": {
    "label": "cold",
    "count": 1,
    "mean_ms": 7.2494999999435095,
    "p50_ms": 7.2494999999435095,
    "p90_ms": 7.2494999999435095,
    "p95_ms": 7.2494999999435095,
    "min_ms": 7.2494999999435095,
    "max_ms": 7.2494999999435095
  },
  "warm": {
    "label": "warm",
    "count": 10,
    "mean_ms": 1.1917752999806908,
    "p50_ms": 1.1593960000482184,
    "p90_ms": 1.4377714001284403,
    "p95_ms": 1.4404590001504403,
    "min_ms": 1.0387089998857846,
    "max_ms": 1.4404590001504403
  },
  "hot": {
    "label": "hot",
    "count": 30,
    "mean_ms": 1.0146514333200685,
    "p50_ms": 1.0058754999136,
    "p90_ms": 1.085467199982304,
    "p95_ms": 1.1004809499695511,
    "min_ms": 0.957624999955442,
    "max_ms": 1.1064159998568357
  },
  "raw": {
    "cold_ms": [
      7.2494999999435095
    ],
    "warm_ms": [
      1.4404590001504403,
      1.4135829999304406,
      1.2377919999835285,
      1.1541670000951854,
      1.1646250000012515,
      1.1397089999718446,
      1.210041999911482,
      1.0692500000004657,
      1.0387089998857846,
      1.0494169998764846
    ],
    "hot_ms": [
      1.0956250000617729,
      1.0147919999781152,
      1.004250000050888,
      0.9915830000863934,
      1.0049589998288866,
      1.0451250000187429,
      0.9734590000789467,
      1.0025839999343589,
      0.9887079997952242,
      1.0048750000350992,
      0.9877920001599705,
      0.9745830000156275,
      0.9677499999725114,
      1.0105409999141557,
      1.0477090002041223,
      1.1064159998568357,
      1.08670899999197,
      1.0067919999983133,
      1.0206249999100692,
      1.0602499999095016,
      1.040790999923047,
      1.074290999895311,
      1.0317090000171447,
      0.9705420000045706,
      0.957624999955442,
      0.9652910000568227,
      1.0090840000884782,
      0.9857919999376463,
      1.0103329998401023,
      0.9989580000819842
    ]
  }
}